,x1,x2,y
0,-2.0,-1.0,2509.0
1,-1.995995995995996,-0.995995995995996,2489.0120199895464
2,-1.991991991991992,-0.991991991991992,2469.1359115851665
3,-1.987987987987988,-0.987987987987988,2449.371290557849
4,-1.983983983983984,-0.983983983983984,2429.7177732954437
5,-1.97997997997998,-0.97997997997998,2410.1749768026684
6,-1.975975975975976,-0.975975975975976,2390.742518701101
7,-1.971971971971972,-0.9719719719719719,2371.4200172291826
8,-1.967967967967968,-0.967967967967968,2352.2070912422228
9,-1.9639639639639639,-0.963963963963964,2333.1033602123894
10,-1.95995995995996,-0.95995995995996,2314.108444228718
11,-1.955955955955956,-0.955955955955956,2295.221963997106
12,-1.951951951951952,-0.9519519519519519,2276.4435408403147
13,-1.947947947947948,-0.9479479479479479,2257.7727966979705
14,-1.9439439439439439,-0.943943943943944,2239.209354126561
15,-1.93993993993994,-0.93993993993994,2220.7528362994394
16,-1.935935935935936,-0.9359359359359359,2202.4028670068233
17,-1.931931931931932,-0.9319319319319319,2184.159070655792
18,-1.927927927927928,-0.9279279279279279,2166.0210722702914
19,-1.9239239239239239,-0.9239239239239239,2147.988497491127
20,-1.91991991991992,-0.91991991991992,2130.0609725759714
21,-1.915915915915916,-0.9159159159159159,2112.238124399361
22,-1.911911911911912,-0.9119119119119119,2094.5195804526925
23,-1.907907907907908,-0.9079079079079079,2076.9049688442324
24,-1.9039039039039038,-0.9039039039039038,2059.393918299104
25,-1.8998998998999,-0.8998998998998999,2041.986058159299
26,-1.8958958958958958,-0.8958958958958959,2024.6810183836726
27,-1.8918918918918919,-0.8918918918918919,2007.4784295479417
28,-1.887887887887888,-0.8878878878878879,1990.377922844688
29,-1.8838838838838838,-0.8838838838838838,1973.3791300833564
30,-1.87987987987988,-0.8798798798798799,1956.4816836902587
31,-1.8758758758758758,-0.8758758758758759,1939.685216708564
32,-1.8718718718718719,-0.8718718718718719,1922.9893627983117
33,-1.867867867867868,-0.8678678678678678,1906.3937562364024
34,-1.8638638638638638,-0.8638638638638638,1889.8980319165983
35,-1.85985985985986,-0.8598598598598599,1873.5018253495286
36,-1.8558558558558558,-0.8558558558558559,1857.2047726626852
37,-1.8518518518518519,-0.8518518518518519,1841.0065106004245
38,-1.8478478478478477,-0.8478478478478478,1824.906676523963
39,-1.8438438438438438,-0.8438438438438438,1808.9049084113863
40,-1.83983983983984,-0.8398398398398399,1793.0008448576411
41,-1.8358358358358358,-0.8358358358358359,1777.1941250745356
42,-1.8318318318318318,-0.8318318318318318,1761.484388890747
43,-1.8278278278278277,-0.8278278278278278,1745.8712767518107
44,-1.8238238238238238,-0.8238238238238238,1730.3544297201306
45,-1.8198198198198199,-0.8198198198198199,1714.9334894749709
46,-1.8158158158158157,-0.8158158158158157,1699.6080983124616
47,-1.8118118118118118,-0.8118118118118118,1684.377899145596
48,-1.8078078078078077,-0.8078078078078078,1669.2425355042292
49,-1.8038038038038038,-0.8038038038038038,1654.201651535085
50,-1.7997997997997999,-0.7997997997997999,1639.254892001744
51,-1.7957957957957957,-0.7957957957957957,1624.4019022846567
52,-1.7917917917917918,-0.7917917917917918,1609.6423283811353
53,-1.7877877877877877,-0.7877877877877878,1594.9758169053528
54,-1.7837837837837838,-0.7837837837837838,1580.4020150883516
55,-1.7797797797797799,-0.7797797797797797,1565.9205707780332
56,-1.7757757757757757,-0.7757757757757757,1551.531132439164
57,-1.7717717717717718,-0.7717717717717718,1537.2333491533761
58,-1.7677677677677677,-0.7677677677677678,1523.026870619162
59,-1.7637637637637638,-0.7637637637637638,1508.9113471518824
60,-1.7597597597597598,-0.7597597597597597,1494.8864296837571
61,-1.7557557557557557,-0.7557557557557557,1480.9517697638719
62,-1.7517517517517518,-0.7517517517517518,1467.1070195581776
63,-1.7477477477477477,-0.7477477477477478,1453.3518318494857
64,-1.7437437437437437,-0.7437437437437437,1439.6858600374744
65,-1.7397397397397398,-0.7397397397397397,1426.1087581386844
66,-1.7357357357357357,-0.7357357357357357,1412.6201807865184
67,-1.7317317317317318,-0.7317317317317318,1399.219783231247
68,-1.7277277277277276,-0.7277277277277278,1385.9072213399998
69,-1.7237237237237237,-0.7237237237237237,1372.6821515967745
70,-1.7197197197197198,-0.7197197197197197,1359.5442311024299
71,-1.7157157157157157,-0.7157157157157157,1346.493117574688
72,-1.7117117117117118,-0.7117117117117118,1333.5284693481378
73,-1.7077077077077076,-0.7077077077077076,1320.6499453742285
74,-1.7037037037037037,-0.7037037037037037,1307.8572052212758
75,-1.6996996996996998,-0.6996996996996997,1295.1499090744574
76,-1.6956956956956957,-0.6956956956956957,1282.5277177358143
77,-1.6916916916916918,-0.6916916916916918,1269.9902926242535
78,-1.6876876876876876,-0.6876876876876876,1257.537295775544
79,-1.6836836836836837,-0.6836836836836837,1245.1683898423198
80,-1.6796796796796798,-0.6796796796796797,1232.883238094077
81,-1.6756756756756757,-0.6756756756756757,1220.6815044171763
82,-1.6716716716716717,-0.6716716716716717,1208.5628533148433
83,-1.6676676676676676,-0.6676676676676676,1196.526949907165
84,-1.6636636636636637,-0.6636636636636637,1184.573459931095
85,-1.6596596596596598,-0.6596596596596597,1172.702049740448
86,-1.6556556556556556,-0.6556556556556556,1160.9123863059033
87,-1.6516516516516517,-0.6516516516516517,1149.2041372150054
88,-1.6476476476476476,-0.6476476476476476,1137.5769706721599
89,-1.6436436436436437,-0.6436436436436437,1126.0305554986392
90,-1.6396396396396398,-0.6396396396396397,1114.5645611325767
91,-1.6356356356356356,-0.6356356356356356,1103.1786576289703
92,-1.6316316316316315,-0.6316316316316316,1091.8725156596836
93,-1.6276276276276276,-0.6276276276276276,1080.6458065134423
94,-1.6236236236236237,-0.6236236236236237,1069.4982020958353
95,-1.6196196196196198,-0.6196196196196196,1058.4293749293158
96,-1.6156156156156156,-0.6156156156156156,1047.4389981532017
97,-1.6116116116116115,-0.6116116116116116,1036.5267455236726
98,-1.6076076076076076,-0.6076076076076076,1025.692291413775
99,-1.6036036036036037,-0.6036036036036037,1014.9353108134163
100,-1.5995995995995997,-0.5995995995995996,1004.2554793293687
101,-1.5955955955955956,-0.5955955955955956,993.652473185267
102,-1.5915915915915915,-0.5915915915915916,983.1259692216124
103,-1.5875875875875876,-0.5875875875875876,972.6756448957684
104,-1.5835835835835836,-0.5835835835835836,962.3011782819618
105,-1.5795795795795795,-0.5795795795795795,952.0022480712827
106,-1.5755755755755756,-0.5755755755755756,941.7785335716865
107,-1.5715715715715715,-0.5715715715715716,931.6297147079918
108,-1.5675675675675675,-0.5675675675675675,921.5554720218807
109,-1.5635635635635636,-0.5635635635635636,911.5554866718992
110,-1.5595595595595595,-0.5595595595595595,901.629440433456
111,-1.5555555555555556,-0.5555555555555556,891.7770156988263
112,-1.5515515515515514,-0.5515515515515516,881.9978954771461
113,-1.5475475475475475,-0.5475475475475475,872.2917633944172
114,-1.5435435435435436,-0.5435435435435436,862.6583036935037
115,-1.5395395395395395,-0.5395395395395395,853.0972012341338
116,-1.5355355355355356,-0.5355355355355356,843.6081414929006
117,-1.5315315315315314,-0.5315315315315315,834.1908105632596
118,-1.5275275275275275,-0.5275275275275275,824.8448951555309
119,-1.5235235235235236,-0.5235235235235236,815.5700825968981
120,-1.5195195195195195,-0.5195195195195195,806.3660608314074
121,-1.5155155155155156,-0.5155155155155156,797.2325184199713
122,-1.5115115115115114,-0.5115115115115115,788.1691445403635
123,-1.5075075075075075,-0.5075075075075075,779.1756289872231
124,-1.5035035035035036,-0.5035035035035035,770.2516621720528
125,-1.4994994994994995,-0.49949949949949946,761.3969351232173
126,-1.4954954954954955,-0.49549549549549554,752.6111394859481
127,-1.4914914914914914,-0.4914914914914915,743.893967522337
128,-1.4874874874874875,-0.4874874874874875,735.2451121113428
129,-1.4834834834834836,-0.48348348348348347,726.6642667487862
130,-1.4794794794794794,-0.47947947947947944,718.1511255473515
131,-1.4754754754754755,-0.47547547547547553,709.7053832365876
132,-1.4714714714714714,-0.4714714714714715,701.3267351629072
133,-1.4674674674674675,-0.4674674674674675,693.0148772895861
134,-1.4634634634634636,-0.46346346346346345,684.7695061967642
135,-1.4594594594594594,-0.45945945945945943,676.5903190814448
136,-1.4554554554554555,-0.4554554554554555,668.4770137574959
137,-1.4514514514514514,-0.4514514514514515,660.4292886556484
138,-1.4474474474474475,-0.44744744744744747,652.446842823497
139,-1.4434434434434436,-0.44344344344344344,644.5293759255005
140,-1.4394394394394394,-0.4394394394394394,636.676588242981
141,-1.4354354354354353,-0.4354354354354354,628.8881806741249
142,-1.4314314314314314,-0.4314314314314315,621.1638547339826
143,-1.4274274274274275,-0.42742742742742745,613.5033125544674
144,-1.4234234234234235,-0.42342342342342343,605.9062568843564
145,-1.4194194194194194,-0.4194194194194194,598.3723910892908
146,-1.4154154154154153,-0.4154154154154154,590.9014191517756
147,-1.4114114114114114,-0.41141141141141147,583.4930456711802
148,-1.4074074074074074,-0.40740740740740744,576.1469758637367
149,-1.4034034034034035,-0.4034034034034034,568.8629155625408
150,-1.3993993993993994,-0.3993993993993994,561.6405712175525
151,-1.3953953953953953,-0.39539539539539537,554.4796498955959
152,-1.3913913913913913,-0.39139139139139134,547.3798592803587
153,-1.3873873873873874,-0.3873873873873874,540.3409076723918
154,-1.3833833833833835,-0.3833833833833834,533.3625039891103
155,-1.3793793793793794,-0.3793793793793794,526.4443577647926
156,-1.3753753753753752,-0.37537537537537535,519.5861791505813
157,-1.3713713713713713,-0.37137137137137133,512.7876789144833
158,-1.3673673673673674,-0.3673673673673674,506.0485684413682
159,-1.3633633633633635,-0.3633633633633634,499.36855973296946
160,-1.3593593593593594,-0.35935935935935936,492.7473654078848
161,-1.3553553553553552,-0.35535535535535534,486.1846987015755
162,-1.3513513513513513,-0.3513513513513513,479.68027346636705
163,-1.3473473473473474,-0.3473473473473474,473.23380417144784
164,-1.3433433433433435,-0.3433433433433434,466.84500590287035
165,-1.3393393393393394,-0.33933933933933935,460.51359436355085
166,-1.3353353353353352,-0.3353353353353353,454.2392858732696
167,-1.3313313313313313,-0.3313313313313313,448.0217973686706
168,-1.3273273273273274,-0.3273273273273274,441.86084640326123
169,-1.3233233233233235,-0.32332332332332336,435.7561511474129
170,-1.3193193193193193,-0.31931931931931934,429.70743038836014
171,-1.3153153153153152,-0.3153153153153153,423.71440353020245
172,-1.3113113113113113,-0.3113113113113113,417.77679059390243
173,-1.3073073073073074,-0.30730730730730726,411.8943122172863
174,-1.3033033033033035,-0.30330330330330335,406.06668965504406
175,-1.2992992992992993,-0.2992992992992993,400.29364477872963
176,-1.2952952952952952,-0.2952952952952953,394.57490007676057
177,-1.2912912912912913,-0.2912912912912913,388.91017865441853
178,-1.2872872872872874,-0.28728728728728725,383.29920423384857
179,-1.2832832832832834,-0.28328328328328334,377.74170115405946
180,-1.2792792792792793,-0.2792792792792793,372.2373943709239
181,-1.2752752752752752,-0.2752752752752753,366.78600945717824
182,-1.2712712712712713,-0.27127127127127126,361.3872726024228
183,-1.2672672672672673,-0.26726726726726724,356.0409106131215
184,-1.2632632632632632,-0.2632632632632632,350.74665091260175
185,-1.2592592592592593,-0.2592592592592593,345.5042215410555
186,-1.2552552552552552,-0.2552552552552553,340.31335115553725
187,-1.2512512512512513,-0.25125125125125125,335.17376902996654
188,-1.2472472472472473,-0.24724724724724723,330.085205055126
189,-1.2432432432432432,-0.2432432432432432,325.0473897386617
190,-1.2392392392392393,-0.2392392392392393,320.0600542050843
191,-1.2352352352352352,-0.23523523523523526,315.1229301957675
192,-1.2312312312312312,-0.23123123123123124,310.2357500689492
193,-1.2272272272272273,-0.2272272272272272,305.3982467997307
194,-1.2232232232232232,-0.2232232232232232,300.61015398007737
195,-1.2192192192192193,-0.21921921921921927,295.87120581881834
196,-1.2152152152152151,-0.21521521521521525,291.18113714164605
197,-1.2112112112112112,-0.21121121121121122,286.5396833911173
198,-1.2072072072072073,-0.2072072072072072,281.9465806266523
199,-1.2032032032032032,-0.20320320320320318,277.4015655245348
200,-1.1991991991991993,-0.19919919919919926,272.9043753779131
201,-1.1951951951951951,-0.19519519519519524,268.45474809679814
202,-1.1911911911911912,-0.1911911911911912,264.05242220806565
203,-1.1871871871871873,-0.1871871871871872,259.6971368554547
204,-1.1831831831831832,-0.18318318318318316,255.38863179956758
205,-1.179179179179179,-0.17917917917917914,251.1266474178713
206,-1.1751751751751751,-0.17517517517517522,246.91092470469636
207,-1.1711711711711712,-0.1711711711711712,242.74120527123642
208,-1.1671671671671673,-0.16716716716716717,238.61723134554958
209,-1.1631631631631631,-0.16316316316316315,234.538745772557
210,-1.159159159159159,-0.15915915915915912,230.50549201404448
211,-1.155155155155155,-0.1551551551551552,226.51721414866103
212,-1.1511511511511512,-0.1511511511511512,222.57365687191955
213,-1.1471471471471473,-0.14714714714714716,218.6745654961965
214,-1.1431431431431431,-0.14314314314314314,214.81968595073215
215,-1.139139139139139,-0.1391391391391391,211.00876478163082
216,-1.135135135135135,-0.1351351351351351,207.24154915186045
217,-1.1311311311311312,-0.13113113113113117,203.51778684125262
218,-1.1271271271271273,-0.12712712712712715,199.83722624650275
219,-1.1231231231231231,-0.12312312312312312,196.19961638116965
220,-1.119119119119119,-0.1191191191191191,192.60470687567656
221,-1.115115115115115,-0.11511511511511507,189.05224797731032
222,-1.1111111111111112,-0.11111111111111116,185.54199055022104
223,-1.1071071071071072,-0.10710710710710714,182.073686075423
224,-1.103103103103103,-0.10310310310310311,178.64708665079394
225,-1.099099099099099,-0.09909909909909909,175.26194499107578
226,-1.095095095095095,-0.09509509509509506,171.91801442787403
227,-1.0910910910910911,-0.09109109109109115,168.6150489096578
228,-1.0870870870870872,-0.08708708708708712,165.35280300175998
229,-1.083083083083083,-0.0830830830830831,162.1310318863772
230,-1.079079079079079,-0.07907907907907907,158.94949136257
231,-1.075075075075075,-0.07507507507507505,155.80793784626286
232,-1.0710710710710711,-0.07107107107107113,152.7061283702436
233,-1.0670670670670672,-0.06706706706706711,149.64382058416385
234,-1.063063063063063,-0.06306306306306309,146.6207727545391
235,-1.059059059059059,-0.05905905905905906,143.6367437647487
236,-1.055055055055055,-0.055055055055055035,140.69149311503574
237,-1.0510510510510511,-0.05105105105105101,137.78478092250685
238,-1.0470470470470472,-0.0470470470470471,134.91636792113272
239,-1.043043043043043,-0.04304304304304307,132.08601546174722
240,-1.039039039039039,-0.03903903903903905,129.2934855120487
241,-1.035035035035035,-0.03503503503503502,126.5385406565991
242,-1.031031031031031,-0.031031031031030998,123.82094409682371
243,-1.0270270270270272,-0.027027027027027084,121.14045965101191
244,-1.023023023023023,-0.02302302302302306,118.4968517543167
245,-1.019019019019019,-0.019019019019019034,115.88988545875488
246,-1.015015015015015,-0.01501501501501501,113.31932643320724
247,-1.011011011011011,-0.011011011011010985,110.78494096341788
248,-1.007007007007007,-0.00700700700700696,108.28649595199494
249,-1.003003003003003,-0.0030030030030030463,105.82375891841038
250,-0.9989989989989989,0.0010010010010010895,103.39649799899955
251,-0.994994994994995,0.005005005005005003,101.00448194696209
252,-0.9909909909909911,0.009009009009008917,98.64748013236098
253,-0.986986986986987,0.013013013013013053,96.32526254212294
254,-0.982982982982983,0.017017017017016967,94.03759978003886
255,-0.9789789789789789,0.021021021021021102,91.78426306676288
256,-0.974974974974975,0.025025025025025016,89.56502423981334
257,-0.9709709709709711,0.02902902902902893,87.37965575357207
258,-0.9669669669669669,0.033033033033033066,85.22793067928454
259,-0.962962962962963,0.03703703703703698,83.1096227050604
260,-0.9589589589589589,0.041041041041041115,81.02450613587263
261,-0.954954954954955,0.04504504504504503,78.97235589355833
262,-0.9509509509509511,0.04904904904904894,76.95294751681806
263,-0.9469469469469469,0.05305305305305308,74.96605716121616
264,-0.942942942942943,0.05705705705705699,73.01146159918099
265,-0.9389389389389389,0.06106106106106113,71.08893822000432
266,-0.934934934934935,0.06506506506506504,69.19826502984206
267,-0.930930930930931,0.06906906906906896,67.33922065171353
268,-0.9269269269269269,0.07307307307307309,65.51158432550187
269,-0.922922922922923,0.077077077077077,63.71513590795422
270,-0.9189189189189189,0.08108108108108114,61.94965587268113
271,-0.914914914914915,0.08508508508508505,60.214925310157255
272,-0.910910910910911,0.08908908908908897,58.51072592772076
273,-0.9069069069069069,0.0930930930930931,56.83684004957351
274,-0.902902902902903,0.09709709709709702,55.19305061678146
275,-0.8988988988988988,0.10110110110110115,53.57914118727394
276,-0.8948948948948949,0.10510510510510507,51.99489593584436
277,-0.8908908908908908,0.1091091091091092,50.44009965414959
278,-0.8868868868868869,0.11311311311311312,48.91453775071057
279,-0.882882882882883,0.11711711711711703,47.41799625091174
280,-0.8788788788788788,0.12112112112112117,45.9502617970013
281,-0.8748748748748749,0.12512512512512508,44.51112164809147
282,-0.8708708708708708,0.12912912912912922,43.10036368015787
283,-0.8668668668668669,0.13313313313313313,41.717776386040235
284,-0.862862862862863,0.13713713713713704,40.36314887544178
285,-0.8588588588588588,0.14114114114114118,39.03627087492951
286,-0.8548548548548549,0.1451451451451451,37.73693272793439
287,-0.8508508508508508,0.14914914914914923,36.46492539475084
288,-0.8468468468468469,0.15315315315315314,35.22004045253738
289,-0.8428428428428429,0.15715715715715706,34.00207009531599
290,-0.8388388388388388,0.1611611611611612,32.810807133972496
291,-0.8348348348348349,0.1651651651651651,31.646044996256602
292,-0.8308308308308308,0.16916916916916924,30.507577726781548
293,-0.8268268268268268,0.17317317317317316,29.395199987024586
294,-0.8228228228228229,0.17717717717717707,28.308707055326522
295,-0.8188188188188188,0.1811811811811812,27.247894826891933
296,-0.8148148148148149,0.18518518518518512,26.212559813789323
297,-0.8108108108108107,0.18918918918918926,25.202499144950707
298,-0.8068068068068068,0.19319319319319317,24.21751056617212
299,-0.8028028028028029,0.19719719719719708,23.257392440113147
300,-0.7987987987987988,0.20120120120120122,22.321943746297162
301,-0.7947947947947949,0.20520520520520513,21.410964081111423
302,-0.7907907907907907,0.20920920920920927,20.52425365780676
303,-0.7867867867867868,0.21321321321321318,19.66161330649795
304,-0.7827827827827827,0.21721721721721732,18.82284447416334
305,-0.7787787787787788,0.22122122122122123,18.007749224645224
306,-0.7747747747747749,0.22522522522522515,17.216130238649484
307,-0.7707707707707707,0.22922922922922928,16.447790813745804
308,-0.7667667667667668,0.2332332332332332,15.70253486436773
309,-0.7627627627627627,0.23723723723723733,14.980166921812387
310,-0.7587587587587588,0.24124124124124124,14.280492134240847
311,-0.7547547547547548,0.24524524524524516,13.603316266677787
312,-0.7507507507507507,0.2492492492492493,12.948445701011668
313,-0.7467467467467468,0.2532532532532532,12.315687435994803
314,-0.7427427427427427,0.25725725725725734,11.70484908724313
315,-0.7387387387387387,0.26126126126126126,11.11573888723646
316,-0.7347347347347348,0.26526526526526517,10.548165685318288
317,-0.7307307307307307,0.2692692692692693,10.001938947695846
318,-0.7267267267267268,0.2732732732732732,9.476868757440222
319,-0.7227227227227226,0.27727727727727736,8.972765814486138
320,-0.7187187187187187,0.28128128128128127,8.489441435632193
321,-0.7147147147147148,0.2852852852852852,8.02670755454065
322,-0.7107107107107107,0.2892892892892893,7.584376721737539
323,-0.7067067067067068,0.29329329329329323,7.162262104612714
324,-0.7027027027027026,0.29729729729729737,6.760177487419696
325,-0.6986986986986987,0.3013013013013013,6.377937271275849
326,-0.6946946946946948,0.3053053053053052,6.015356474162225
327,-0.6906906906906907,0.30930930930930933,5.672250730923638
328,-0.6866866866866868,0.31331331331331325,5.348436293268717
329,-0.6826826826826826,0.3173173173173174,5.0437300297697725
330,-0.6786786786786787,0.3213213213213213,4.757949425862938
331,-0.6746746746746748,0.3253253253253252,4.490912583848056
332,-0.6706706706706707,0.32932932932932935,4.242438222888727
333,-0.6666666666666667,0.33333333333333326,4.012345679012349
334,-0.6626626626626626,0.3373373373373374,3.8004549051100254
335,-0.6586586586586587,0.3413413413413413,3.606586470936662
336,-0.6546546546546548,0.3453453453453452,3.430561563110885
337,-0.6506506506506506,0.34934934934934936,3.272201985115085
338,-0.6466466466466467,0.35335335335335327,3.1313301572954297
339,-0.6426426426426426,0.3573573573573574,3.0077691168618137
340,-0.6386386386386387,0.3613613613613613,2.9013425178879144
341,-0.6346346346346345,0.36536536536536546,2.8118746313111416
342,-0.6306306306306306,0.36936936936936937,2.7391903449326835
343,-0.6266266266266267,0.3733733733733733,2.683115163417468
344,-0.6226226226226226,0.3773773773773774,2.643475208294184
345,-0.6186186186186187,0.38138138138138133,2.6200972179552826
346,-0.6146146146146145,0.38538538538538547,2.612808547656963
347,-0.6106106106106106,0.3893893893893894,2.621437169519187
348,-0.6066066066066067,0.3933933933933933,2.6458116725256677
349,-0.6026026026026026,0.39739739739739743,2.68576126252388
350,-0.5985985985985987,0.40140140140140135,2.7411157622250477
351,-0.5945945945945945,0.4054054054054055,2.811705611204162
352,-0.5905905905905906,0.4094094094094094,2.897361865899954
353,-0.5865865865865867,0.4134134134134133,2.9979161996149264
354,-0.5825825825825826,0.41741741741741745,3.1132009025153375
355,-0.5785785785785786,0.42142142142142136,3.2430488816311853
356,-0.5745745745745745,0.4254254254254255,3.3872936608562494
357,-0.5705705705705706,0.4294294294294294,3.545769380948038
358,-0.5665665665665667,0.4334334334334333,3.718310799527834
359,-0.5625625625625625,0.43743743743743746,3.904753291080686
360,-0.5585585585585586,0.4414414414414414,4.1049328469553625
361,-0.5545545545545545,0.4454454454454455,4.318686075364434
362,-0.5505505505505506,0.4494494494494494,4.545850201384182
363,-0.5465465465465467,0.45345345345345334,4.7862630669546755
364,-0.5425425425425425,0.4574574574574575,5.039763130879748
365,-0.5385385385385386,0.4614614614614614,5.3061894688269415
366,-0.5345345345345345,0.4654654654654655,5.585381773327617
367,-0.5305305305305306,0.46946946946946944,5.877180353776826
368,-0.5265265265265264,0.47347347347347357,6.181426136433446
369,-0.5225225225225225,0.4774774774774775,6.497960664420038
370,-0.5185185185185186,0.4814814814814814,6.826626097722977
371,-0.5145145145145145,0.48548548548548554,7.167265213192387
372,-0.5105105105105106,0.48948948948948945,7.519721404542104
373,-0.5065065065065064,0.4934934934934936,7.883838682349784
374,-0.5025025025025025,0.4974974974974975,8.25946167405677
375,-0.4984984984984986,0.5015015015015014,8.646435623968216
376,-0.49449449449449445,0.5055055055055055,9.044606393253037
377,-0.49049049049049054,0.5095095095095095,9.453820459943838
378,-0.4864864864864864,0.5135135135135136,9.87392491893707
379,-0.4824824824824825,0.5175175175175175,10.304767481992844
380,-0.4784784784784786,0.5215215215215214,10.7461964777351
381,-0.47447447447447444,0.5255255255255256,11.198060851651547
382,-0.4704704704704705,0.5295295295295295,11.66021016609355
383,-0.4664664664664664,0.5335335335335336,12.132494600276358
384,-0.4624624624624625,0.5375375375375375,12.61476495027886
385,-0.45845845845845856,0.5415415415415414,13.106872629043773
386,-0.4544544544544544,0.5455455455455456,13.608669666377585
387,-0.4504504504504505,0.5495495495495495,14.120008708950454
388,-0.4464464464464464,0.5535535535535536,14.640743020296403
389,-0.44244244244244246,0.5575575575575575,15.170726480813103
390,-0.43843843843843855,0.5615615615615615,15.70981358776205
391,-0.4344344344344344,0.5655655655655656,16.257859455268523
392,-0.4304304304304305,0.5695695695695695,16.814719814321457
393,-0.42642642642642636,0.5735735735735736,17.380251012773652
394,-0.42242242242242245,0.5775775775775776,17.954310015341555
395,-0.41841841841841854,0.5815815815815815,18.53675440360547
396,-0.4144144144144144,0.5855855855855856,19.127442376009427
397,-0.4104104104104105,0.5895895895895895,19.72623274786115
398,-0.40640640640640635,0.5935935935935936,20.332984951332236
399,-0.40240240240240244,0.5975975975975976,20.9475590354579
400,-0.3983983983983985,0.6016016016016015,21.569815666137227
401,-0.3943943943943944,0.6056056056056056,22.19961612613304
402,-0.3903903903903905,0.6096096096096095,22.836822315071835
403,-0.38638638638638634,0.6136136136136137,23.481296749443985
404,-0.3823823823823824,0.6176176176176176,24.13290256260351
405,-0.3783783783783783,0.6216216216216217,24.791503504768286
406,-0.3743743743743744,0.6256256256256256,25.45696394301982
407,-0.37037037037037046,0.6296296296296295,26.1291488613035
408,-0.3663663663663663,0.6336336336336337,26.807923860428446
409,-0.3623623623623624,0.6376376376376376,27.493155158067445
410,-0.3583583583583583,0.6416416416416417,28.184709588757162
411,-0.35435435435435436,0.6456456456456456,28.882454603897905
412,-0.35035035035035045,0.6496496496496496,29.586258271753813
413,-0.3463463463463463,0.6536536536536537,30.29598927745281
414,-0.3423423423423424,0.6576576576576576,31.011516922986456
415,-0.33833833833833826,0.6616616616616617,31.732711127210198
416,-0.33433433433433435,0.6656656656656657,32.45944242584312
417,-0.33033033033033044,0.6696696696696696,33.19158197146816
418,-0.3263263263263263,0.6736736736736737,33.929001533532
419,-0.3223223223223224,0.6776776776776776,34.671573498345005
420,-0.31831831831831825,0.6816816816816818,35.419170869081384
421,-0.31431431431431434,0.6856856856856857,36.17166726577901
422,-0.3103103103103104,0.6896896896896896,36.9289369253396
423,-0.3063063063063063,0.6936936936936937,37.690854701528636
424,-0.3023023023023024,0.6976976976976976,38.457296064975225
425,-0.29829829829829824,0.7017017017017018,39.22813710317241
426,-0.2942942942942943,0.7057057057057057,40.003254520476794
427,-0.2902902902902904,0.7097097097097096,40.78252563810891
428,-0.2862862862862863,0.7137137137137137,41.565828394153
429,-0.28228228228228236,0.7177177177177176,42.35304134355695
430,-0.2782782782782782,0.7217217217217218,43.14404365813263
431,-0.2742742742742743,0.7257257257257257,43.93871512655538
432,-0.2702702702702702,0.7297297297297298,44.73693615436457
433,-0.26626626626626626,0.7337337337337337,45.53858776396308
434,-0.26226226226226235,0.7377377377377377,46.34355159461774
435,-0.2582582582582582,0.7417417417417418,47.15170990245912
436,-0.2542542542542543,0.7457457457457457,47.96294556048137
437,-0.25025025025025016,0.7497497497497498,48.77714205854264
438,-0.24624624624624625,0.7537537537537538,49.59418350336458
439,-0.24224224224224233,0.7577577577577577,50.4139546185328
440,-0.2382382382382382,0.7617617617617618,51.236340744496644
441,-0.23423423423423428,0.7657657657657657,52.06122783856909
442,-0.23023023023023015,0.7697697697697699,52.888502474926995
443,-0.22622622622622623,0.7737737737737738,53.71805184461087
444,-0.22222222222222232,0.7777777777777777,54.549763755525056
445,-0.21821821821821819,0.7817817817817818,55.38352663243769
446,-0.21421421421421427,0.7857857857857857,56.219229516980505
447,-0.21021021021021014,0.7897897897897899,57.05676206764921
448,-0.20620620620620622,0.7937937937937938,57.89601455980302
449,-0.2022022022022023,0.7977977977977977,58.736877885665095
450,-0.19819819819819817,0.8018018018018018,59.57924355432236
451,-0.19419419419419426,0.8058058058058057,60.42300369172533
452,-0.19019019019019012,0.8098098098098099,61.26805104068846
453,-0.1861861861861862,0.8138138138138138,62.11427896088979
454,-0.1821821821821823,0.8178178178178177,62.96158142887125
455,-0.17817817817817816,0.8218218218218218,63.809853038038526
456,-0.17417417417417425,0.8258258258258258,64.65898899866094
457,-0.1701701701701701,0.8298298298298299,65.5088851378717
458,-0.1661661661661662,0.8338338338338338,66.35943789966767
459,-0.16216216216216228,0.8378378378378377,67.2105443449095
460,-0.15815815815815815,0.8418418418418419,68.06210215132172
461,-0.15415415415415423,0.8458458458458458,68.91400961349241
462,-0.1501501501501501,0.8498498498498499,69.76616564287353
463,-0.14614614614614618,0.8538538538538538,70.61846976778078
464,-0.14214214214214227,0.8578578578578577,71.47082213339357
465,-0.13813813813813813,0.8618618618618619,72.32312350175518
466,-0.13413413413413422,0.8658658658658658,73.17527525177249
467,-0.13013013013013008,0.8698698698698699,74.02717937921628
468,-0.12612612612612617,0.8738738738738738,74.87873849672097
469,-0.12212212212212203,0.877877877877878,75.72985583378484
470,-0.11811811811811812,0.8818818818818819,76.58043523676982
471,-0.1141141141141142,0.8858858858858858,77.43038116890168
472,-0.11011011011011007,0.8898898898898899,78.27959871026994
473,-0.10610610610610616,0.8938938938938938,79.1279935578278
474,-0.10210210210210202,0.897897897897898,79.97547202539234
475,-0.09809809809809811,0.9019019019019019,80.82194104364426
476,-0.0940940940940942,0.9059059059059058,81.6673081601281
477,-0.09009009009009006,0.9099099099099099,82.5114815392522
478,-0.08608608608608614,0.9139139139139139,83.3543699622885
479,-0.08208208208208201,0.917917917917918,84.1958828273729
480,-0.0780780780780781,0.9219219219219219,85.03593014950481
481,-0.07407407407407418,0.9259259259259258,85.87442256054761
482,-0.07007007007007005,0.92992992992993,86.71127130922844
483,-0.06606606606606613,0.9339339339339339,87.54638826113798
484,-0.062062062062061996,0.937937937937938,88.3796858987309
485,-0.05805805805805808,0.9419419419419419,89.21107732132546
486,-0.05405405405405417,0.9459459459459458,90.04047624510379
487,-0.05005005005005003,0.94994994994995,90.86779700311176
488,-0.04604604604604612,0.9539539539539539,91.69295454525889
489,-0.04204204204204198,0.957957957957958,92.51586443831857
490,-0.03803803803803807,0.9619619619619619,93.33644286592794
491,-0.034034034034034155,0.9659659659659658,94.15460662858783
492,-0.03003003003003002,0.96996996996997,94.97027314366291
493,-0.026026026026026106,0.9739739739739739,95.7833604453815
494,-0.02202202202202197,0.977977977977978,96.5937871848358
495,-0.018018018018018056,0.9819819819819819,97.40147262998163
496,-0.01401401401401392,0.9859859859859861,98.2063366656387
497,-0.010010010010010006,0.98998998998999,99.0082997934904
498,-0.006006006006006093,0.9939939939939939,99.80728313208385
499,-0.002002002002001957,0.997997997997998,100.60320841683006
500,0.002002002002002179,1.0020020020020022,101.39599800000364
501,0.006006006006006093,1.006006006006006,102.185574850743
502,0.010010010010010006,1.01001001001001,102.97186255505036
503,0.01401401401401392,1.014014014014014,103.75478531579165
504,0.018018018018017834,1.0180180180180178,104.5342679526966
505,0.022022022022022192,1.0220220220220222,105.3102359023587
506,0.026026026026026106,1.026026026026026,106.082615218235
507,0.03003003003003002,1.03003003003003,106.85133257064665
508,0.03403403403403393,1.034034034034034,107.61631524677827
509,0.03803803803803785,1.0380380380380378,108.37749115067835
510,0.042042042042042205,1.0420420420420422,109.13478880325927
511,0.04604604604604612,1.0460460460460461,109.8881373422968
512,0.05005005005005003,1.05005005005005,110.63746652243081
513,0.054054054054053946,1.054054054054054,111.38270671516482
514,0.05805805805805786,1.0580580580580579,112.123788908866
515,0.06206206206206222,1.0620620620620622,112.86064470876558
516,0.06606606606606613,1.0660660660660661,113.59320633695808
517,0.07007007007007005,1.07007007007007,114.32140663240212
518,0.07407407407407396,1.074074074074074,115.04517905092001
519,0.07807807807807787,1.0780780780780779,115.76445766519781
520,0.08208208208208223,1.0820820820820822,116.47917716478543
521,0.08608608608608614,1.0860860860860861,117.18927285609615
522,0.09009009009009006,1.09009009009009,117.89468066240745
523,0.09409409409409397,1.094094094094094,118.59533712386043
524,0.09809809809809789,1.0980980980980979,119.29117939745984
525,0.10210210210210224,1.1021021021021022,119.98214525707438
526,0.10610610610610616,1.1061061061061062,120.6681730934362
527,0.11011011011011007,1.11011011011011,121.34920191414153
528,0.11411411411411398,1.114114114114114,122.02517134365016
529,0.1181181181181179,1.118118118118118,122.69602162328574
530,0.12212212212212226,1.1221221221221223,123.36169361123568
531,0.12612612612612617,1.1261261261261262,124.02212878255101
532,0.13013013013013008,1.13013013013013,124.67726922914659
533,0.134134134134134,1.134134134134134,125.32705765980111
534,0.1381381381381379,1.138138138138138,125.97143740015699
535,0.14214214214214227,1.1421421421421423,126.61035239272034
536,0.14614614614614618,1.1461461461461462,127.24374719686101
537,0.1501501501501501,1.15015015015015,127.87156698881269
538,0.154154154154154,1.154154154154154,128.49375756167285
539,0.15815815815815792,1.158158158158158,129.11026532540257
540,0.16216216216216228,1.1621621621621623,129.72103730682696
541,0.1661661661661662,1.1661661661661662,130.3260211496344
542,0.1701701701701701,1.17017017017017,130.92516511437753
543,0.17417417417417402,1.174174174174174,131.51841807847254
544,0.17817817817817794,1.178178178178178,132.10572953619933
545,0.1821821821821823,1.1821821821821823,132.68704959870175
546,0.1861861861861862,1.1861861861861862,133.26232899398704
547,0.19019019019019012,1.1901901901901901,133.83151906692655
548,0.19419419419419404,1.194194194194194,134.39457177925524
549,0.1981981981981984,1.1981981981981984,134.95143970957184
550,0.2022022022022023,1.2022022022022023,135.50207605333887
551,0.20620620620620622,1.2062062062062062,136.04643462288246
552,0.21021021021021014,1.2102102102102101,136.58446984739274
553,0.21421421421421405,1.214214214214214,137.11613677292348
554,0.2182182182182184,1.2182182182182184,137.64139106239216
555,0.22222222222222232,1.2222222222222223,138.16018899557997
556,0.22622622622622623,1.2262262262262262,138.672487469132
557,0.23023023023023015,1.2302302302302301,139.17824399655703
558,0.23423423423423406,1.234234234234234,139.6774167082276
559,0.23823823823823842,1.2382382382382384,140.16996435138012
560,0.24224224224224233,1.2422422422422423,140.65584629011443
561,0.24624624624624625,1.2462462462462462,141.13502250539446
562,0.25025025025025016,1.2502502502502502,141.60745359504784
563,0.2542542542542541,1.254254254254254,142.0731007737657
564,0.25825825825825843,1.2582582582582584,142.53192587310335
565,0.26226226226226235,1.2622622622622623,142.98389134147948
566,0.26626626626626626,1.2662662662662663,143.42896024417666
567,0.2702702702702702,1.2702702702702702,143.8670962633413
568,0.2742742742742741,1.274274274274274,144.2982636979835
569,0.27827827827827845,1.2782782782782784,144.72242746397714
570,0.28228228228228236,1.2822822822822824,145.13955309405975
571,0.2862862862862863,1.2862862862862863,145.5496067378328
572,0.2902902902902902,1.2902902902902902,145.95255516176135
573,0.2942942942942941,1.294294294294294,146.3483657491743
574,0.29829829829829846,1.2982982982982985,146.73700650026436
575,0.3023023023023024,1.3023023023023024,147.11844603208783
576,0.3063063063063063,1.3063063063063063,147.4926535785649
577,0.3103103103103102,1.3103103103103102,147.8595989904795
578,0.3143143143143141,1.3143143143143141,148.2192527354793
579,0.31831831831831847,1.3183183183183185,148.57158589807568
580,0.3223223223223224,1.3223223223223224,148.91657017964388
581,0.3263263263263263,1.3263263263263263,149.25417789842274
582,0.3303303303303302,1.3303303303303302,149.58438198951507
583,0.3343343343343341,1.3343343343343341,149.90715600488718
584,0.3383383383383385,1.3383383383383385,150.2224741133695
585,0.3423423423423424,1.3423423423423424,150.53031110065572
586,0.3463463463463463,1.3463463463463463,150.83064236930375
587,0.3503503503503502,1.3503503503503502,151.12344393873497
588,0.35435435435435414,1.3543543543543541,151.4086924452346
589,0.3583583583583585,1.3583583583583585,151.68636514195177
590,0.3623623623623624,1.3623623623623624,151.956439898899
591,0.3663663663663663,1.3663663663663663,152.21889520295295
592,0.37037037037037024,1.3703703703703702,152.47371015785382
593,0.37437437437437415,1.3743743743743742,152.72086448420563
594,0.3783783783783785,1.3783783783783785,152.96033851947618
595,0.3823823823823824,1.3823823823823824,153.19211321799696
596,0.38638638638638634,1.3863863863863863,153.41617015096324
597,0.39039039039039025,1.3903903903903903,153.63249150643404
598,0.39439439439439417,1.3943943943943942,153.8410600893322
599,0.3983983983983985,1.3983983983983985,154.04185932144424
600,0.40240240240240244,1.4024024024024024,154.23487324142047
601,0.40640640640640635,1.4064064064064064,154.42008650477499
602,0.41041041041041026,1.4104104104104103,154.5974843838856
603,0.4144144144144142,1.4144144144144142,154.76705276799382
604,0.41841841841841854,1.4184184184184185,154.92877816320504
605,0.42242242242242245,1.4224224224224224,155.08264769248834
606,0.42642642642642636,1.4264264264264264,155.22864909567647
607,0.4304304304304303,1.4304304304304303,155.3667707294662
608,0.43443443443443464,1.4344344344344346,155.49700156741775
609,0.43843843843843855,1.4384384384384385,155.61933119995535
610,0.44244244244244246,1.4424424424424425,155.7337498343667
611,0.4464464464464464,1.4464464464464464,155.84024829480362
612,0.4504504504504503,1.4504504504504503,155.93881802228134
613,0.45445445445445465,1.4544544544544546,156.02945107467906
614,0.45845845845845856,1.4584584584584586,156.11214012673963
615,0.4624624624624625,1.4624624624624625,156.1868784700698
616,0.4664664664664664,1.4664664664664664,156.25366001313986
617,0.4704704704704703,1.4704704704704703,156.31247928128406
618,0.47447447447447466,1.4744744744744747,156.3633314167003
619,0.4784784784784786,1.4784784784784786,156.40621217845018
620,0.4824824824824825,1.4824824824824825,156.44111794245921
621,0.4864864864864864,1.4864864864864864,156.46804570151656
622,0.4904904904904903,1.4904904904904903,156.48699306527521
623,0.4944944944944947,1.4944944944944947,156.49795826025175
624,0.4984984984984986,1.4984984984984986,156.50094012982677
625,0.5025025025025025,1.5025025025025025,156.49593813424443
626,0.5065065065065064,1.5065065065065064,156.48295235061266
627,0.5105105105105103,1.5105105105105103,156.46198347290323
628,0.5145145145145147,1.5145145145145147,156.43303281195162
629,0.5185185185185186,1.5185185185185186,156.39610229545707
630,0.5225225225225225,1.5225225225225225,156.35119446798257
631,0.5265265265265264,1.5265265265265264,156.29831249095486
632,0.5305305305305303,1.5305305305305303,156.2374601426644
633,0.5345345345345347,1.5345345345345347,156.1686418182655
634,0.5385385385385386,1.5385385385385386,156.0918625297763
635,0.5425425425425425,1.5425425425425425,156.00712790607835
636,0.5465465465465464,1.5465465465465464,155.91444419291736
637,0.5505505505505504,1.5505505505505504,155.8138182529026
638,0.5545545545545547,1.5545545545545547,155.70525756550697
639,0.5585585585585586,1.5585585585585586,155.58877022706736
640,0.5625625625625625,1.5625625625625625,155.46436495078441
641,0.5665665665665665,1.5665665665665665,155.33205106672236
642,0.5705705705705704,1.5705705705705704,155.1918385218093
643,0.5745745745745747,1.5745745745745747,155.04373787983698
644,0.5785785785785786,1.5785785785785786,154.88776032146106
645,0.5825825825825826,1.5825825825825826,154.72391764420087
646,0.5865865865865865,1.5865865865865865,154.55222226243956
647,0.5905905905905904,1.5905905905905904,154.37268720742384
648,0.5945945945945947,1.5945945945945947,154.18532612726443
649,0.5985985985985987,1.5985985985985987,153.99015328693565
650,0.6026026026026026,1.6026026026026026,153.78718356827562
651,0.6066066066066065,1.6066066066066065,153.5764324699863
652,0.6106106106106104,1.6106106106106104,153.3579161076332
653,0.6146146146146148,1.6146146146146148,153.13165121364574
654,0.6186186186186187,1.6186186186186187,152.89765513731717
655,0.6226226226226226,1.6226226226226226,152.65594584480425
656,0.6266266266266265,1.6266266266266265,152.40654191912773
657,0.6306306306306304,1.6306306306306304,152.14946256017205
658,0.6346346346346348,1.6346346346346348,151.88472758468524
659,0.6386386386386387,1.6386386386386387,151.61235742627937
660,0.6426426426426426,1.6426426426426426,151.3323731354301
661,0.6466466466466465,1.6466466466466465,151.0447963794768
662,0.6506506506506504,1.6506506506506504,150.74964944262268
663,0.6546546546546548,1.6546546546546548,150.44695522593477
664,0.6586586586586587,1.6586586586586587,150.1367372473437
665,0.6626626626626626,1.6626626626626626,149.81901964164396
666,0.6666666666666665,1.6666666666666665,149.49382716049385
667,0.6706706706706704,1.6706706706706704,149.1611851724152
668,0.6746746746746748,1.6746746746746748,148.82111966279388
669,0.6786786786786787,1.6786786786786787,148.4736572338793
670,0.6826826826826826,1.6826826826826826,148.11882510478472
671,0.6866866866866865,1.6866866866866865,147.75665111148717
672,0.6906906906906904,1.6906906906906904,147.38716370682738
673,0.6946946946946948,1.6946946946946948,147.01039196050985
674,0.6986986986986987,1.6986986986986987,146.62636555910285
675,0.7027027027027026,1.7027027027027026,146.23511480603858
676,0.7067067067067065,1.7067067067067065,145.8366706216126
677,0.7107107107107109,1.710710710710711,145.43106454298447
678,0.7147147147147148,1.7147147147147148,145.01832872417768
679,0.7187187187187187,1.7187187187187187,144.5984959360791
680,0.7227227227227226,1.7227227227227226,144.1715995664396
681,0.7267267267267266,1.7267267267267266,143.73767361987376
682,0.7307307307307309,1.730730730730731,143.2967527178598
683,0.7347347347347348,1.7347347347347348,142.84887209873997
684,0.7387387387387387,1.7387387387387387,142.39406761772005
685,0.7427427427427427,1.7427427427427427,141.93237574686955
686,0.7467467467467466,1.7467467467467466,141.4638335751219
687,0.7507507507507509,1.750750750750751,140.98847880827415
688,0.7547547547547548,1.7547547547547548,140.50634976898723
689,0.7587587587587588,1.7587587587587588,140.01748539678567
690,0.7627627627627627,1.7627627627627627,139.52192524805795
691,0.7667667667667666,1.7667667667667666,139.01970949605607
692,0.7707707707707709,1.770770770770771,138.51087893089598
693,0.7747747747747749,1.7747747747747749,137.99547495955736
694,0.7787787787787788,1.7787787787787788,137.47353960588356
695,0.7827827827827827,1.7827827827827827,136.94511551058181
696,0.7867867867867866,1.7867867867867866,136.41024593122285
697,0.790790790790791,1.790790790790791,135.86897474224153
698,0.7947947947947949,1.7947947947947949,135.3213464349362
699,0.7987987987987988,1.7987987987987988,134.76740611746905
700,0.8028028028028027,1.8028028028028027,134.207199514866
701,0.8068068068068066,1.8068068068068066,133.64077296901672
702,0.810810810810811,1.810810810810811,133.06817343867468
703,0.8148148148148149,1.8148148148148149,132.4894484994571
704,0.8188188188188188,1.8188188188188188,131.90464634384497
705,0.8228228228228227,1.8228228228228227,131.31381578118302
706,0.8268268268268266,1.8268268268268266,130.71700623767967
707,0.830830830830831,1.830830830830831,130.11426775640703
708,0.8348348348348349,1.834834834834835,129.50565099730127
709,0.8388388388388388,1.8388388388388388,128.89120723716218
710,0.8428428428428427,1.8428428428428427,128.27098836965308
711,0.8468468468468466,1.8468468468468466,127.64504690530136
712,0.850850850850851,1.850850850850851,127.01343597149786
713,0.8548548548548549,1.854854854854855,126.37620931249755
714,0.8588588588588588,1.8588588588588588,125.73342128941887
715,0.8628628628628627,1.8628628628628627,125.08512688024412
716,0.8668668668668666,1.8668668668668666,124.43138167981932
717,0.870870870870871,1.870870870870871,123.77224189985417
718,0.8748748748748749,1.874874874874875,123.10776436892243
719,0.8788788788788788,1.8788788788788788,122.43800653246122
720,0.8828828828828827,1.8828828828828827,121.76302645277177
721,0.8868868868868867,1.8868868868868867,121.08288280901874
722,0.890890890890891,1.890890890890891,120.39763489723065
723,0.8948948948948949,1.894894894894895,119.70734263030009
724,0.8988988988988988,1.8988988988988988,119.01206653798299
725,0.9029029029029028,1.9029029029029028,118.31186776689914
726,0.9069069069069067,1.9069069069069067,117.60680808053232
727,0.910910910910911,1.910910910910911,116.89694985922965
728,0.914914914914915,1.914914914914915,116.18235610020245
729,0.9189189189189189,1.9189189189189189,115.4630904175255
730,0.9229229229229228,1.9229229229229228,114.73921704213748
731,0.9269269269269267,1.9269269269269267,114.01080082184069
732,0.930930930930931,1.930930930930931,113.2779072213012
733,0.934934934934935,1.934934934934935,112.54060232204912
734,0.9389389389389389,1.9389389389389389,111.79895282247804
735,0.9429429429429428,1.9429429429429428,111.05302603784524
736,0.9469469469469471,1.9469469469469471,110.30288990027191
737,0.9509509509509511,1.950950950950951,109.5486129587431
738,0.954954954954955,1.954954954954955,108.79026437910744
739,0.9589589589589589,1.9589589589589589,108.0279139440773
740,0.9629629629629628,1.9629629629629628,107.2616320532289
741,0.9669669669669672,1.9669669669669672,106.4914897230021
742,0.9709709709709711,1.970970970970971,105.7175585867008
743,0.974974974974975,1.974974974974975,104.93991089449233
744,0.9789789789789789,1.978978978978979,104.1586195134079
745,0.9829829829829828,1.9829829829829828,103.37375792734252
746,0.9869869869869872,1.9869869869869872,102.58540023705477
747,0.9909909909909911,1.990990990990991,101.79362116016739
748,0.994994994994995,1.994994994994995,100.99849603116648
749,0.9989989989989989,1.998998998998999,100.20010080140199
750,1.0030030030030028,2.003003003003003,99.3985120390878
751,1.0070070070070072,2.007007007007007,98.59380692930122
752,1.011011011011011,2.011011011011011,97.78606327398373
753,1.015015015015015,2.015015015015015,96.97535949194027
754,1.019019019019019,2.019019019019019,96.16177461883963
755,1.0230230230230228,2.023023023023023,95.34538830721425
756,1.0270270270270272,2.027027027027027,94.52628082646044
757,1.031031031031031,2.031031031031031,93.7045330628384
758,1.035035035035035,2.035035035035035,92.88022651947178
759,1.039039039039039,2.039039039039039,92.05344331634825
760,1.0430430430430429,2.043043043043043,91.22426619031904
761,1.0470470470470472,2.047047047047047,90.3927784950991
762,1.0510510510510511,2.051051051051051,89.55906420126756
763,1.055055055055055,2.055055055055055,88.7232078962668
764,1.059059059059059,2.059059059059059,87.88529478440321
765,1.0630630630630629,2.063063063063063,87.0454106868469
766,1.0670670670670672,2.067067067067067,86.20364204163161
767,1.0710710710710711,2.071071071071071,85.36007590365514
768,1.075075075075075,2.075075075075075,84.51479994467876
769,1.079079079079079,2.079079079079079,83.66790245332759
770,1.0830830830830829,2.083083083083083,82.81947233509047
771,1.0870870870870872,2.0870870870870872,81.96959911232
772,1.0910910910910911,2.091091091091091,81.11837292423276
773,1.095095095095095,2.095095095095095,80.26588452690875
774,1.099099099099099,2.099099099099099,79.41222529329191
775,1.1031031031031029,2.103103103103103,78.55748721318993
776,1.1071071071071072,2.1071071071071072,77.70176289327404
777,1.1111111111111112,2.111111111111111,76.84514555707969
778,1.115115115115115,2.115115115115115,75.98772904500566
779,1.119119119119119,2.119119119119119,75.1296078143147
780,1.123123123123123,2.123123123123123,74.27087693913317
781,1.1271271271271273,2.1271271271271273,73.41163211045121
782,1.1311311311311312,2.131131131131131,72.551969636123
783,1.135135135135135,2.135135135135135,71.69198644086609
784,1.139139139139139,2.139139139139139,70.83178006626197
785,1.143143143143143,2.143143143143143,69.97144867075588
786,1.1471471471471473,2.1471471471471473,69.11109102965669
787,1.1511511511511512,2.151151151151151,68.25080653513729
788,1.155155155155155,2.155155155155155,67.39069519623416
789,1.159159159159159,2.159159159159159,66.53085763884748
790,1.163163163163163,2.163163163163163,65.67139510574128
791,1.1671671671671673,2.1671671671671673,64.81240945654322
792,1.1711711711711712,2.171171171171171,63.954003167745036
793,1.1751751751751751,2.175175175175175,63.09627933270184
794,1.179179179179179,2.179179179179179,62.23934166163271
795,1.183183183183183,2.183183183183183,61.38329448162044
796,1.1871871871871873,2.1871871871871873,60.52824273661145
797,1.1911911911911912,2.191191191191191,59.67429198741623
798,1.1951951951951951,2.195195195195195,58.82154841170875
799,1.199199199199199,2.199199199199199,57.97011880402683
800,1.203203203203203,2.203203203203203,57.12011057577202
801,1.2072072072072073,2.2072072072072073,56.27163175520955
802,1.2112112112112112,2.2112112112112112,55.42479098746868
803,1.2152152152152151,2.215215215215215,54.579697534542206
804,1.219219219219219,2.219219219219219,53.73646127528663
805,1.2232232232232234,2.2232232232232234,52.89519270542229
806,1.2272272272272273,2.2272272272272273,52.05600293753345
807,1.2312312312312312,2.2312312312312312,51.219003701067855
808,1.2352352352352352,2.235235235235235,50.38430734233716
809,1.239239239239239,2.239239239239239,49.552026824516716
810,1.2432432432432434,2.2432432432432434,48.72227572764555
811,1.2472472472472473,2.2472472472472473,47.89516824862678
812,1.2512512512512513,2.2512512512512513,47.07081920122692
813,1.2552552552552552,2.255255255255255,46.249344016076364
814,1.259259259259259,2.259259259259259,45.43085874066928
815,1.2632632632632634,2.2632632632632634,44.615480039363476
816,1.2672672672672673,2.2672672672672673,43.803325193380836
817,1.2712712712712713,2.2712712712712713,42.99451210080667
818,1.2752752752752752,2.275275275275275,42.18915927659015
819,1.279279279279279,2.279279279279279,41.38738585254426
820,1.2832832832832834,2.2832832832832834,40.589311577345555
821,1.2872872872872874,2.2872872872872874,39.79505681653467
822,1.2912912912912913,2.2912912912912913,39.00474255251572
823,1.2952952952952952,2.295295295295295,38.218490384556674
824,1.299299299299299,2.299299299299299,37.43642252878927
825,1.3033033033033035,2.3033033033033035,36.65866181820889
826,1.3073073073073074,2.3073073073073074,35.88533170267491
827,1.3113113113113113,2.3113113113113113,35.116556248910264
828,1.3153153153153152,2.315315315315315,34.35246014050166
829,1.3193193193193191,2.319319319319319,33.59316867789964
830,1.3233233233233235,2.3233233233233235,32.83880777841836
831,1.3273273273273274,2.3273273273273274,32.089503976236
832,1.3313313313313313,2.3313313313313313,31.34538442239425
833,1.3353353353353352,2.335335335335335,30.606576884798617
834,1.3393393393393391,2.339339339339339,29.87320974821839
835,1.3433433433433435,2.3433433433433435,29.14541201428653
836,1.3473473473473474,2.3473473473473474,28.423313301500016
837,1.3513513513513513,2.3513513513513513,27.70704384521929
838,1.3553553553553552,2.3553553553553552,26.99673449766865
839,1.3593593593593591,2.359359359359359,26.292516727936178
840,1.3633633633633635,2.3633633633633635,25.594522621973642
841,1.3673673673673674,2.3673673673673674,24.902884882596723
842,1.3713713713713713,2.3713713713713713,24.2177368294847
843,1.3753753753753752,2.3753753753753752,23.53921239918067
844,1.3793793793793792,2.379379379379379,22.867446145091442
845,1.3833833833833835,2.3833833833833835,22.2025732374876
846,1.3873873873873874,2.3873873873873874,21.5447294635036
847,1.3913913913913913,2.3913913913913913,20.894051227137496
848,1.3953953953953953,2.3953953953953953,20.25067554925118
849,1.3993993993993992,2.399399399399399,19.614740067570253
850,1.4034034034034035,2.4034034034034035,18.986383036684046
851,1.4074074074074074,2.4074074074074074,18.365743328045813
852,1.4114114114114114,2.4114114114114114,17.752960429972404
853,1.4154154154154153,2.4154154154154153,17.14817444764448
854,1.4194194194194192,2.419419419419419,16.55152610310641
855,1.4234234234234235,2.4234234234234235,15.963156735266317
856,1.4274274274274275,2.4274274274274275,15.383208299896237
857,1.4314314314314314,2.4314314314314314,14.811823369631801
858,1.4354354354354353,2.4354354354354353,14.249145133972457
859,1.4394394394394392,2.439439439439439,13.695317399281345
860,1.4434434434434436,2.4434434434434436,13.150484588785389
861,1.4474474474474475,2.4474474474474475,12.61479174257539
862,1.4514514514514514,2.4514514514514514,12.088384517605766
863,1.4554554554554553,2.4554554554554553,11.571409187694737
864,1.4594594594594597,2.4594594594594597,11.064012643524213
865,1.4634634634634636,2.4634634634634636,10.566342392640008
866,1.4674674674674675,2.4674674674674675,10.078546559451551
867,1.4714714714714714,2.4714714714714714,9.600773885232112
868,1.4754754754754753,2.4754754754754753,9.133173728118681
869,1.4794794794794797,2.4794794794794797,8.675896063111962
870,1.4834834834834836,2.4834834834834836,8.229091482076544
871,1.4874874874874875,2.4874874874874875,7.792911193740661
872,1.4914914914914914,2.4914914914914914,7.367507023696313
873,1.4954954954954953,2.4954954954954953,6.9530314143993035
874,1.4994994994994997,2.4994994994994997,6.549637425169117
875,1.5035035035035036,2.5035035035035036,6.157478732189117
876,1.5075075075075075,2.5075075075075075,5.776709628506324
877,1.5115115115115114,2.5115115115115114,5.40748502403152
878,1.5155155155155153,2.5155155155155153,5.049960445539287
879,1.5195195195195197,2.5195195195195197,4.704292036667902
880,1.5235235235235236,2.5235235235235236,4.370636557919494
881,1.5275275275275275,2.5275275275275275,4.049151386659872
882,1.5315315315315314,2.5315315315315314,3.7399945171186193
883,1.5355355355355353,2.5355355355355353,3.443324560389061
884,1.5395395395395397,2.5395395395395397,3.1593007444282803
885,1.5435435435435436,2.5435435435435436,2.8880829140571778
886,1.5475475475475475,2.5475475475475475,2.629831530960346
887,1.5515515515515514,2.5515515515515514,2.384707673686152
888,1.5555555555555554,2.5555555555555554,2.1528730376467164
889,1.5595595595595597,2.5595595595595597,1.9344899351178728
890,1.5635635635635636,2.5635635635635636,1.7297212952393377
891,1.5675675675675675,2.5675675675675675,1.538730664014456
892,1.5715715715715715,2.5715715715715715,1.3616822043103864
893,1.5755755755755754,2.5755755755755754,1.1987406958580322
894,1.5795795795795797,2.5795795795795797,1.0500715352520307
895,1.5835835835835836,2.5835835835835836,0.9158407359508309
896,1.5875875875875876,2.5875875875875876,0.7962149282766033
897,1.5915915915915915,2.5915915915915915,0.6913613594152637
898,1.5955955955955954,2.5955955955955954,0.6014478934164991
899,1.5995995995995997,2.5995995995995997,0.52664301119375
900,1.6036036036036037,2.6036036036036037,0.46711581052422896
901,1.6076076076076076,2.6076076076076076,0.4230360060488814
902,1.6116116116116115,2.6116116116116115,0.3945739292724163
903,1.6156156156156154,2.6156156156156154,0.38190052856330214
904,1.6196196196196198,2.6196196196196198,0.38518736915376467
905,1.6236236236236237,2.6236236236236237,0.40460663313978307
906,1.6276276276276276,2.6276276276276276,0.44033111948109127
907,1.6316316316316315,2.6316316316316315,0.49253424400118395
908,1.6356356356356354,2.6356356356356354,0.5613900393873079
909,1.6396396396396398,2.6396396396396398,0.6470731551904808
910,1.6436436436436437,2.6436436436436437,0.7497588578254437
911,1.6476476476476476,2.6476476476476476,0.8696230305707213
912,1.6516516516516515,2.6516516516516515,1.0068421735685864
913,1.6556556556556554,2.6556556556556554,1.1615934038250835
914,1.6596596596596598,2.65965965965966,1.334054455209996
915,1.6636636636636637,2.6636636636636637,1.5244036784568484
916,1.6676676676676676,2.6676676676676676,1.732820041162947
917,1.6716716716716715,2.6716716716716715,1.9594831277893583
918,1.6756756756756754,2.6756756756756754,2.2045731396608828
919,1.6796796796796798,2.67967967967968,2.4682708949661145
920,1.6836836836836837,2.6836836836836837,2.75075782875734
921,1.6876876876876876,2.6876876876876876,3.0522159929506523
922,1.6916916916916915,2.6916916916916915,3.372828056325887
923,1.6956956956956954,2.6956956956956954,3.7127773045266523
924,1.6996996996996998,2.6996996996997,4.0722476400603345
925,1.7037037037037037,2.7037037037037037,4.451423582297939
926,1.7077077077077076,2.7077077077077076,4.8504902674743935
927,1.7117117117117115,2.7117117117117115,5.2696334486883005
928,1.7157157157157155,2.7157157157157155,5.7090394959020525
929,1.7197197197197198,2.71971971971972,6.168895395941826
930,1.7237237237237237,2.7237237237237237,6.649388752497382
931,1.7277277277277276,2.7277277277277276,7.1507077861224495
932,1.7317317317317316,2.7317317317317316,7.673041334234405
933,1.735735735735736,2.735735735735736,8.216578851114479
934,1.7397397397397398,2.73973973973974,8.78151040790746
935,1.7437437437437437,2.7437437437437437,9.36802669262207
936,1.7477477477477477,2.7477477477477477,9.976319010130755
937,1.7517517517517516,2.7517517517517516,10.606579282169672
938,1.755755755755756,2.755755755755756,11.25900004733885
939,1.7597597597597598,2.75975975975976,11.933774461101834
940,1.7637637637637638,2.7637637637637638,12.631096295786133
941,1.7677677677677677,2.7677677677677677,13.351159940582953
942,1.7717717717717716,2.7717717717717716,14.094160401547288
943,1.775775775775776,2.775775775775776,14.86029330159793
944,1.7797797797797799,2.77977977977978,15.649754880517182
945,1.7837837837837838,2.7837837837837838,16.46274199495135
946,1.7877877877877877,2.7877877877877877,17.299452118410418
947,1.7917917917917916,2.7917917917917916,18.160083341268162
948,1.795795795795796,2.795795795795796,19.044834370762164
949,1.7997997997997999,2.7997997997998,19.953904530993462
950,1.8038038038038038,2.803803803803804,20.88749376292721
951,1.8078078078078077,2.8078078078078077,21.845802624392142
952,1.8118118118118116,2.8118118118118116,22.829032290080832
953,1.815815815815816,2.815815815815816,23.83738455154964
954,1.8198198198198199,2.81981981981982,24.871061817218358
955,1.8238238238238238,2.823823823823824,25.93026711237094
956,1.8278278278278277,2.8278278278278277,27.01520407915491
957,1.8318318318318316,2.8318318318318316,28.12607697658161
958,1.835835835835836,2.835835835835836,29.26309068052615
959,1.83983983983984,2.83983983983984,30.42645068372722
960,1.8438438438438438,2.843843843843844,31.616363095787392
961,1.8478478478478477,2.8478478478478477,32.833034643173086
962,1.8518518518518516,2.8518518518518516,34.0766726692144
963,1.855855855855856,2.855855855855856,35.34748513410524
964,1.85985985985986,2.85985985985986,36.64568061490299
965,1.8638638638638638,2.863863863863864,37.97146830552918
966,1.8678678678678677,2.8678678678678677,39.32505801676884
967,1.8718718718718717,2.8718718718718717,40.70666017627087
968,1.875875875875876,2.875875875875876,42.11648582854812
969,1.87987987987988,2.87987987987988,43.55474663497656
970,1.8838838838838838,2.883883883883884,45.02165487379652
971,1.8878878878878878,2.8878878878878878,46.51742344011194
972,1.8918918918918917,2.8918918918918917,48.04226584589043
973,1.895895895895896,2.895895895895896,49.596396219963545
974,1.8998998998999,2.8998998998999,51.180029308026185
975,1.9039039039039038,2.903903903903904,52.79338047263744
976,1.9079079079079078,2.9079079079079078,54.43666569321987
977,1.9119119119119117,2.9119119119119117,56.110101566060024
978,1.915915915915916,2.915915915915916,57.8139053043083
979,1.91991991991992,2.91991991991992,59.548294737978104
980,1.9239239239239239,2.923923923923924,61.313488313947545
981,1.9279279279279278,2.9279279279279278,63.109705095957885
982,1.9319319319319317,2.9319319319319317,64.9371647646145
983,1.935935935935936,2.935935935935936,66.79608761738643
984,1.93993993993994,2.93993993993994,68.68669456860613
985,1.9439439439439439,2.943943943943944,70.60920714947018
986,1.9479479479479478,2.947947947947948,72.56384750803883
987,1.9519519519519517,2.9519519519519517,74.55083840923615
988,1.955955955955956,2.955955955955956,76.57040323485008
989,1.95995995995996,2.95995995995996,78.62276598353169
990,1.9639639639639639,2.963963963963964,80.70815127079644
991,1.9679679679679678,2.967967967967968,82.82678432902334
992,1.9719719719719722,2.971971971971972,84.97889100745549
993,1.975975975975976,2.975975975975976,87.16469777219886
994,1.97997997997998,2.97997997997998,89.38443170622399
995,1.983983983983984,2.983983983983984,91.638320509365
996,1.9879879879879878,2.987987987987988,93.92659249831961
997,1.9919919919919922,2.991991991991992,96.24947660664974
998,1.995995995995996,2.995995995995996,98.60720238478011
999,2.0,3.0,101.0
